[{"model": "Bangazon_api.producttype", "pk": 1, "fields": {"created": "2017-03-02T16:15:42.996Z", "label": "Toys"}}, {"model": "Bangazon_api.producttype", "pk": 2, "fields": {"created": "2017-03-02T16:15:42.996Z", "label": "Tools"}}, {"model": "Bangazon_api.producttype", "pk": 3, "fields": {"created": "2017-03-02T16:15:42.996Z", "label": "Food"}}, {"model": "Bangazon_api.producttype", "pk": 4, "fields": {"created": "2017-03-02T16:15:42.996Z", "label": "ABC"}}, {"model": "Bangazon_api.producttype", "pk": 5, "fields": {"created": "2017-03-02T16:15:42.996Z", "label": "Hotel"}}, {"model": "Bangazon_api.producttype", "pk": 6, "fields": {"created": "2017-03-03T17:40:00.230Z", "label": "Rappers"}}, {"model": "Bangazon_api.product", "pk": 1, "fields": {"created": "2017-02-28T21:39:10.576Z", "name": "Rum", "price": "15.00", "description": "Some Rum", "quantity": 10000, "product_type": 3, "customer": 1}}, {"model": "Bangazon_api.product", "pk": 2, "fields": {"created": "2017-02-28T21:39:35.328Z", "name": "Hammer", "price": "122.00", "description": "A flat peice of steel on a stick", "quantity": 3000, "product_type": 2, "customer": 1}}, {"model": "Bangazon_api.product", "pk": 3, "fields": {"created": "2017-02-28T21:39:54.259Z", "name": "Legos", "price": "300.00", "description": "Funfunfun", "quantity": 300, "product_type": 1, "customer": 1}}, {"model": "Bangazon_api.product", "pk": 4, "fields": {"created": "2017-03-01T01:42:45.525Z", "name": "hamm", "price": "76.00", "description": "hjkjfkhg", "quantity": 57, "product_type": 1, "customer": 2}}, {"model": "Bangazon_api.product", "pk": 5, "fields": {"created": "2017-03-01T17:22:37.582Z", "name": "DEF", "price": "5.00", "description": "dfjghlksjh", "quantity": 8, "product_type": 4, "customer": 4}}, {"model": "Bangazon_api.product", "pk": 6, "fields": {"created": "2017-03-01T17:44:26.290Z", "name": "The W", "price": "50000000.00", "description": "A swanky Hotel", "quantity": 3, "product_type": 5, "customer": 5}}, {"model": "Bangazon_api.product", "pk": 7, "fields": {"created": "2017-03-03T17:40:00.267Z", "name": "KillaBeez", "price": "8.00", "description": "GummyWorms", "quantity": 800, "product_type": 6, "customer": 1}}, {"model": "Bangazon_api.paymenttype", "pk": 1, "fields": {"customer": 2, "payment_type": "visa", "account_number": "94387290384702983", "ccv": "878", "expiration_date": "01/2017"}}, {"model": "Bangazon_api.paymenttype", "pk": 2, "fields": {"customer": 1, "payment_type": "visa", "account_number": "3485709328457", "ccv": "345", "expiration_date": "01/2019"}}, {"model": "Bangazon_api.paymenttype", "pk": 3, "fields": {"customer": 1, "payment_type": "mastercard", "account_number": "348750324897", "ccv": "877", "expiration_date": "01/2019"}}, {"model": "Bangazon_api.paymenttype", "pk": 4, "fields": {"customer": 3, "payment_type": "Discover", "account_number": "039450398475098", "ccv": "987", "expiration_date": "02/2099"}}, {"model": "Bangazon_api.paymenttype", "pk": 5, "fields": {"customer": 3, "payment_type": "mastercard", "account_number": "8347509238475", "ccv": "987", "expiration_date": "04/2077"}}, {"model": "Bangazon_api.paymenttype", "pk": 6, "fields": {"customer": 5, "payment_type": "Discover", "account_number": "39408753248907", "ccv": "876", "expiration_date": "02/2017"}}, {"model": "Bangazon_api.paymenttype", "pk": 7, "fields": {"customer": 5, "payment_type": "visa", "account_number": "30475032987", "ccv": "987", "expiration_date": "09/2099"}}, {"model": "Bangazon_api.order", "pk": 1, "fields": {"customer": 1, "completed": 1, "payment_type": null}}, {"model": "Bangazon_api.order", "pk": 2, "fields": {"customer": 2, "completed": 1, "payment_type": null}}, {"model": "Bangazon_api.order", "pk": 3, "fields": {"customer": 2, "completed": 0, "payment_type": null}}, {"model": "Bangazon_api.order", "pk": 4, "fields": {"customer": 1, "completed": 1, "payment_type": null}}, {"model": "Bangazon_api.order", "pk": 5, "fields": {"customer": 1, "completed": 1, "payment_type": null}}, {"model": "Bangazon_api.order", "pk": 6, "fields": {"customer": 1, "completed": 1, "payment_type": null}}, {"model": "Bangazon_api.order", "pk": 7, "fields": {"customer": 1, "completed": 1, "payment_type": null}}, {"model": "Bangazon_api.order", "pk": 8, "fields": {"customer": 1, "completed": 1, "payment_type": null}}, {"model": "Bangazon_api.order", "pk": 9, "fields": {"customer": 3, "completed": 1, "payment_type": null}}, {"model": "Bangazon_api.order", "pk": 10, "fields": {"customer": 3, "completed": 1, "payment_type": null}}, {"model": "Bangazon_api.order", "pk": 11, "fields": {"customer": 3, "completed": 0, "payment_type": null}}, {"model": "Bangazon_api.order", "pk": 12, "fields": {"customer": 4, "completed": 0, "payment_type": null}}, {"model": "Bangazon_api.order", "pk": 13, "fields": {"customer": 5, "completed": 1, "payment_type": null}}, {"model": "Bangazon_api.order", "pk": 14, "fields": {"customer": 5, "completed": 0, "payment_type": null}}, {"model": "Bangazon_api.order", "pk": 15, "fields": {"customer": 6, "completed": 0, "payment_type": null}}, {"model": "Bangazon_api.order", "pk": 16, "fields": {"customer": 1, "completed": 1, "payment_type": null}}, {"model": "Bangazon_api.order", "pk": 17, "fields": {"customer": 1, "completed": 0, "payment_type": null}}, {"model": "Bangazon_api.order", "pk": 18, "fields": {"customer": 7, "completed": 0, "payment_type": null}}, {"model": "Bangazon_api.order", "pk": 19, "fields": {"customer": 8, "completed": 0, "payment_type": null}}, {"model": "Bangazon_api.orderproduct", "pk": 1, "fields": {"product": null, "order": null}}, {"model": "Bangazon_api.orderproduct", "pk": 2, "fields": {"product": 1, "order": 1}}, {"model": "Bangazon_api.orderproduct", "pk": 3, "fields": {"product": 1, "order": 1}}, {"model": "Bangazon_api.orderproduct", "pk": 4, "fields": {"product": 3, "order": 1}}, {"model": "Bangazon_api.orderproduct", "pk": 5, "fields": {"product": 3, "order": 1}}, {"model": "Bangazon_api.orderproduct", "pk": 6, "fields": {"product": 3, "order": 2}}, {"model": "Bangazon_api.orderproduct", "pk": 7, "fields": {"product": 2, "order": 2}}, {"model": "Bangazon_api.orderproduct", "pk": 8, "fields": {"product": 2, "order": 4}}, {"model": "Bangazon_api.orderproduct", "pk": 9, "fields": {"product": 2, "order": 4}}, {"model": "Bangazon_api.orderproduct", "pk": 10, "fields": {"product": 1, "order": 4}}, {"model": "Bangazon_api.orderproduct", "pk": 11, "fields": {"product": 2, "order": 5}}, {"model": "Bangazon_api.orderproduct", "pk": 12, "fields": {"product": 4, "order": 5}}, {"model": "Bangazon_api.orderproduct", "pk": 13, "fields": {"product": 2, "order": 5}}, {"model": "Bangazon_api.orderproduct", "pk": 14, "fields": {"product": 1, "order": 6}}, {"model": "Bangazon_api.orderproduct", "pk": 15, "fields": {"product": 4, "order": 7}}, {"model": "Bangazon_api.orderproduct", "pk": 16, "fields": {"product": 2, "order": 8}}, {"model": "Bangazon_api.orderproduct", "pk": 17, "fields": {"product": 1, "order": 8}}, {"model": "Bangazon_api.orderproduct", "pk": 18, "fields": {"product": 1, "order": 9}}, {"model": "Bangazon_api.orderproduct", "pk": 19, "fields": {"product": 4, "order": 10}}, {"model": "Bangazon_api.orderproduct", "pk": 20, "fields": {"product": 2, "order": 10}}, {"model": "Bangazon_api.orderproduct", "pk": 21, "fields": {"product": 1, "order": 10}}, {"model": "Bangazon_api.orderproduct", "pk": 22, "fields": {"product": 2, "order": 10}}, {"model": "Bangazon_api.orderproduct", "pk": 23, "fields": {"product": 5, "order": 12}}, {"model": "Bangazon_api.orderproduct", "pk": 24, "fields": {"product": 6, "order": 13}}, {"model": "Bangazon_api.orderproduct", "pk": 25, "fields": {"product": 6, "order": 13}}, {"model": "Bangazon_api.orderproduct", "pk": 26, "fields": {"product": 2, "order": 13}}, {"model": "Bangazon_api.orderproduct", "pk": 27, "fields": {"product": 5, "order": 8}}, {"model": "Bangazon_api.orderproduct", "pk": 28, "fields": {"product": 3, "order": 16}}, {"model": "Bangazon_api.orderproduct", "pk": 29, "fields": {"product": 5, "order": 16}}, {"model": "Bangazon_api.orderproduct", "pk": 30, "fields": {"product": 7, "order": 15}}, {"model": "contenttypes.contenttype", "pk": 1, "fields": {"app_label": "Bangazon_api", "model": "order"}}, {"model": "contenttypes.contenttype", "pk": 2, "fields": {"app_label": "Bangazon_api", "model": "customer"}}, {"model": "contenttypes.contenttype", "pk": 3, "fields": {"app_label": "Bangazon_api", "model": "orderproduct"}}, {"model": "contenttypes.contenttype", "pk": 4, "fields": {"app_label": "Bangazon_api", "model": "paymenttype"}}, {"model": "contenttypes.contenttype", "pk": 5, "fields": {"app_label": "Bangazon_api", "model": "product"}}, {"model": "contenttypes.contenttype", "pk": 6, "fields": {"app_label": "Bangazon_api", "model": "producttype"}}, {"model": "contenttypes.contenttype", "pk": 7, "fields": {"app_label": "admin", "model": "logentry"}}, {"model": "contenttypes.contenttype", "pk": 8, "fields": {"app_label": "auth", "model": "user"}}, {"model": "contenttypes.contenttype", "pk": 9, "fields": {"app_label": "auth", "model": "group"}}, {"model": "contenttypes.contenttype", "pk": 10, "fields": {"app_label": "auth", "model": "permission"}}, {"model": "contenttypes.contenttype", "pk": 11, "fields": {"app_label": "contenttypes", "model": "contenttype"}}, {"model": "contenttypes.contenttype", "pk": 12, "fields": {"app_label": "sessions", "model": "session"}}, {"model": "sessions.session", "pk": "10r17ftgumnb5l3d8c1qexploo57884d", "fields": {"session_data": "NTkyZTUxODc4YzAwMmJhYjUwNjcxM2FkOWU4YzA5MWZkYTRiMzhjNjp7Il9hdXRoX3VzZXJfaWQiOiI4IiwiX2F1dGhfdXNlcl9iYWNrZW5kIjoiZGphbmdvLmNvbnRyaWIuYXV0aC5iYWNrZW5kcy5Nb2RlbEJhY2tlbmQiLCJfYXV0aF91c2VyX2hhc2giOiI2MjUyMmI5MmI1NzA3MTM2YjBkOTFlYWM1Y2IyMDRjNzM2NmNiNWVlIn0=", "expire_date": "2017-03-17T21:05:24.289Z"}}, {"model": "auth.permission", "pk": 1, "fields": {"name": "Can add order", "content_type": 1, "codename": "add_order"}}, {"model": "auth.permission", "pk": 2, "fields": {"name": "Can change order", "content_type": 1, "codename": "change_order"}}, {"model": "auth.permission", "pk": 3, "fields": {"name": "Can delete order", "content_type": 1, "codename": "delete_order"}}, {"model": "auth.permission", "pk": 4, "fields": {"name": "Can add customer", "content_type": 2, "codename": "add_customer"}}, {"model": "auth.permission", "pk": 5, "fields": {"name": "Can change customer", "content_type": 2, "codename": "change_customer"}}, {"model": "auth.permission", "pk": 6, "fields": {"name": "Can delete customer", "content_type": 2, "codename": "delete_customer"}}, {"model": "auth.permission", "pk": 7, "fields": {"name": "Can add order product", "content_type": 3, "codename": "add_orderproduct"}}, {"model": "auth.permission", "pk": 8, "fields": {"name": "Can change order product", "content_type": 3, "codename": "change_orderproduct"}}, {"model": "auth.permission", "pk": 9, "fields": {"name": "Can delete order product", "content_type": 3, "codename": "delete_orderproduct"}}, {"model": "auth.permission", "pk": 10, "fields": {"name": "Can add payment type", "content_type": 4, "codename": "add_paymenttype"}}, {"model": "auth.permission", "pk": 11, "fields": {"name": "Can change payment type", "content_type": 4, "codename": "change_paymenttype"}}, {"model": "auth.permission", "pk": 12, "fields": {"name": "Can delete payment type", "content_type": 4, "codename": "delete_paymenttype"}}, {"model": "auth.permission", "pk": 13, "fields": {"name": "Can add product", "content_type": 5, "codename": "add_product"}}, {"model": "auth.permission", "pk": 14, "fields": {"name": "Can change product", "content_type": 5, "codename": "change_product"}}, {"model": "auth.permission", "pk": 15, "fields": {"name": "Can delete product", "content_type": 5, "codename": "delete_product"}}, {"model": "auth.permission", "pk": 16, "fields": {"name": "Can add product type", "content_type": 6, "codename": "add_producttype"}}, {"model": "auth.permission", "pk": 17, "fields": {"name": "Can change product type", "content_type": 6, "codename": "change_producttype"}}, {"model": "auth.permission", "pk": 18, "fields": {"name": "Can delete product type", "content_type": 6, "codename": "delete_producttype"}}, {"model": "auth.permission", "pk": 19, "fields": {"name": "Can add log entry", "content_type": 7, "codename": "add_logentry"}}, {"model": "auth.permission", "pk": 20, "fields": {"name": "Can change log entry", "content_type": 7, "codename": "change_logentry"}}, {"model": "auth.permission", "pk": 21, "fields": {"name": "Can delete log entry", "content_type": 7, "codename": "delete_logentry"}}, {"model": "auth.permission", "pk": 22, "fields": {"name": "Can add user", "content_type": 8, "codename": "add_user"}}, {"model": "auth.permission", "pk": 23, "fields": {"name": "Can change user", "content_type": 8, "codename": "change_user"}}, {"model": "auth.permission", "pk": 24, "fields": {"name": "Can delete user", "content_type": 8, "codename": "delete_user"}}, {"model": "auth.permission", "pk": 25, "fields": {"name": "Can add group", "content_type": 9, "codename": "add_group"}}, {"model": "auth.permission", "pk": 26, "fields": {"name": "Can change group", "content_type": 9, "codename": "change_group"}}, {"model": "auth.permission", "pk": 27, "fields": {"name": "Can delete group", "content_type": 9, "codename": "delete_group"}}, {"model": "auth.permission", "pk": 28, "fields": {"name": "Can add permission", "content_type": 10, "codename": "add_permission"}}, {"model": "auth.permission", "pk": 29, "fields": {"name": "Can change permission", "content_type": 10, "codename": "change_permission"}}, {"model": "auth.permission", "pk": 30, "fields": {"name": "Can delete permission", "content_type": 10, "codename": "delete_permission"}}, {"model": "auth.permission", "pk": 31, "fields": {"name": "Can add content type", "content_type": 11, "codename": "add_contenttype"}}, {"model": "auth.permission", "pk": 32, "fields": {"name": "Can change content type", "content_type": 11, "codename": "change_contenttype"}}, {"model": "auth.permission", "pk": 33, "fields": {"name": "Can delete content type", "content_type": 11, "codename": "delete_contenttype"}}, {"model": "auth.permission", "pk": 34, "fields": {"name": "Can add session", "content_type": 12, "codename": "add_session"}}, {"model": "auth.permission", "pk": 35, "fields": {"name": "Can change session", "content_type": 12, "codename": "change_session"}}, {"model": "auth.permission", "pk": 36, "fields": {"name": "Can delete session", "content_type": 12, "codename": "delete_session"}}, {"model": "auth.user", "pk": 1, "fields": {"password": "pbkdf2_sha256$30000$HGfuwgYLVEaX$4b5pIyH0Tnf48Gl7iK3xdOQfK5E3jePSPTaHA9MzH/Q=", "last_login": "2017-03-03T21:04:20.095Z", "is_superuser": false, "username": "ben", "first_name": "ben", "last_name": "njkj", "email": "lsdkjf@sldkfjl.com", "is_staff": false, "is_active": true, "date_joined": "2017-02-28T21:38:20.579Z", "groups": [], "user_permissions": []}}, {"model": "auth.user", "pk": 2, "fields": {"password": "pbkdf2_sha256$30000$4UNlVn28b6yE$wSEc9e7CFhzGWkUQhBfzhTzJcjdcf3BAbhTirL9fosE=", "last_login": "2017-03-01T01:29:48.184Z", "is_superuser": false, "username": "jim", "first_name": "Jim", "last_name": "skljdfh", "email": "slkjd@lskdj.com", "is_staff": false, "is_active": true, "date_joined": "2017-03-01T01:29:40.511Z", "groups": [], "user_permissions": []}}, {"model": "auth.user", "pk": 3, "fields": {"password": "pbkdf2_sha256$30000$PjktKpOflKHk$SRJYgrGppBouQQhjorHXZCaAxON8ptLAq7g6exENSKc=", "last_login": "2017-03-01T17:07:15.175Z", "is_superuser": false, "username": "john", "first_name": "john", "last_name": "juon", "email": "j@j.com", "is_staff": false, "is_active": true, "date_joined": "2017-03-01T17:07:01.438Z", "groups": [], "user_permissions": []}}, {"model": "auth.user", "pk": 4, "fields": {"password": "pbkdf2_sha256$30000$xXJRPkw90uZ2$w+g7lOu6YtST627HEH/g+G147z0W2FdRfvSqkGuGKzE=", "last_login": "2017-03-01T17:22:02.931Z", "is_superuser": false, "username": "jimmy", "first_name": "jimmy", "last_name": "john", "email": "jj@j.com", "is_staff": false, "is_active": true, "date_joined": "2017-03-01T17:21:55.632Z", "groups": [], "user_permissions": []}}, {"model": "auth.user", "pk": 5, "fields": {"password": "pbkdf2_sha256$30000$hUWJayXUxTEH$YonD7ZY7t9bW1j8EDfN7jbqqov/rELMEXpadYfafqvw=", "last_login": "2017-03-01T17:43:32.072Z", "is_superuser": false, "username": "steve", "first_name": "steve", "last_name": "ihuhid", "email": "kljh@ljh.com", "is_staff": false, "is_active": true, "date_joined": "2017-03-01T17:43:06.920Z", "groups": [], "user_permissions": []}}, {"model": "auth.user", "pk": 6, "fields": {"password": "pbkdf2_sha256$30000$O1RrvjugTDRU$Qj/GO4Ktr752iZ3vFUQCihcc2LMx1PYGnae8Ma6/gGo=", "last_login": "2017-03-03T18:05:22.021Z", "is_superuser": false, "username": "kobe", "first_name": "Kobe", "last_name": "Bryant", "email": "k@b.com", "is_staff": false, "is_active": true, "date_joined": "2017-03-02T16:43:35.890Z", "groups": [], "user_permissions": []}}, {"model": "auth.user", "pk": 7, "fields": {"password": "pbkdf2_sha256$30000$lbbMxMz7zkkZ$bC5U6CSHTZSPw/IIMHH885Nt6KqgEUYKIAOei7ToJdk=", "last_login": "2017-03-03T17:48:00.992Z", "is_superuser": false, "username": "sbob", "first_name": "Spongebob", "last_name": "Squarepants", "email": "sbsq@bb.com", "is_staff": false, "is_active": true, "date_joined": "2017-03-03T17:47:51.940Z", "groups": [], "user_permissions": []}}, {"model": "auth.user", "pk": 8, "fields": {"password": "pbkdf2_sha256$30000$jvDFiXaiQm6P$N0guImmLgozAlu9648xQXdN6IL8IlVFee2ozxlkyqs8=", "last_login": "2017-03-03T21:05:24.280Z", "is_superuser": false, "username": "jimmyh", "first_name": "James", "last_name": "Haswell", "email": "j@j.com", "is_staff": false, "is_active": true, "date_joined": "2017-03-03T21:05:09.905Z", "groups": [], "user_permissions": []}}, {"model": "Bangazon_api.customer", "pk": 1, "fields": {"user": 1, "address": "234 ljksdlkjh", "city": "skjdfhlkjh", "state": "rf", "zip_code": "12312", "phone": "230948029r"}}, {"model": "Bangazon_api.customer", "pk": 2, "fields": {"user": 2, "address": "234 akjhkjh", "city": "kljdfh;a", "state": "nn", "zip_code": "98798", "phone": "587658775"}}, {"model": "Bangazon_api.customer", "pk": 3, "fields": {"user": 3, "address": "876 gkjgtf", "city": "uigykjyrd", "state": "uh", "zip_code": "98687", "phone": "0988657598"}}, {"model": "Bangazon_api.customer", "pk": 4, "fields": {"user": 4, "address": "93487 kdfgkjhg", "city": "lkgkjg", "state": "yg", "zip_code": "98796", "phone": "769865874"}}, {"model": "Bangazon_api.customer", "pk": 5, "fields": {"user": 5, "address": "987skdjfhdkfjlg", "city": "kljshfkl", "state": "kjn", "zip_code": "98709", "phone": "98273909"}}, {"model": "Bangazon_api.customer", "pk": 6, "fields": {"user": 6, "address": "987 Williams", "city": "goiffd", "state": "ij", "zip_code": "98797", "phone": "098088769875"}}, {"model": "Bangazon_api.customer", "pk": 7, "fields": {"user": 7, "address": "987987 oihoiho", "city": "hgkjfgh", "state": "ij", "zip_code": "98799", "phone": "0980998696"}}, {"model": "Bangazon_api.customer", "pk": 8, "fields": {"user": 8, "address": "234 ljhlkdfjgdl", "city": "ljfglkd", "state": "ok", "zip_code": "87976", "phone": "986875975"}}]